{
    "metadata": {
        "creation_date": "2025-05-26 16:07:25",
        "description": "Summary statistics for cluster indices",
        "n_clusters": 4,
        "clusters": [
            1,
            2,
            3,
            4
        ],
        "n_time_points": 224
    },
    "cluster_statistics": {
        "1": {
            "n_observations": 224,
            "index_stats": {
                "mean": -5.551115123125783e-17,
                "std": 0.9977653603356406,
                "min": -0.6172580461936706,
                "max": 1.6128355400544296,
                "median": -0.6172580461936706
            },
            "frequency_stats": {
                "mean_frequency": 0.2767857142857143,
                "std_frequency": 0.447409636298841,
                "min_frequency": 0.0,
                "max_frequency": 1.0
            }
        },
        "2": {
            "n_observations": 224,
            "index_stats": {
                "mean": 7.930164461608261e-17,
                "std": 0.9977653603356431,
                "min": -0.8719918563411648,
                "max": 1.1416800593332777,
                "median": -0.8719918563411648
            },
            "frequency_stats": {
                "mean_frequency": 0.4330357142857143,
                "std_frequency": 0.49549549386323943,
                "min_frequency": 0.0,
                "max_frequency": 1.0
            }
        },
        "3": {
            "n_observations": 224,
            "index_stats": {
                "mean": -7.731910350068054e-17,
                "std": 0.9977653603356422,
                "min": -0.6172580461936716,
                "max": 1.612835540054432,
                "median": -0.6172580461936716
            },
            "frequency_stats": {
                "mean_frequency": 0.2767857142857143,
                "std_frequency": 0.447409636298841,
                "min_frequency": 0.0,
                "max_frequency": 1.0
            }
        },
        "4": {
            "n_observations": 224,
            "index_stats": {
                "mean": 2.3790493384824782e-17,
                "std": 0.9977653603356422,
                "min": -0.11624998696749098,
                "max": 8.563749039938502,
                "median": -0.11624998696749098
            },
            "frequency_stats": {
                "mean_frequency": 0.013392857142857142,
                "std_frequency": 0.11494993919271189,
                "min_frequency": 0.0,
                "max_frequency": 1.0
            }
        }
    }
}